s1,s2
0.32496968771805768,0.57841093679278699
0.11699527204665805,0.50060348969977453
0.21994308888804456,0.47772704630510215
0.27904597726450103,0.50529323585288355
0.3380398709906961,0.61791423934765077
0.36040782278603695,0.44652205736269679
0.33033759593752865,0.53806363231504806
0.31179690564157458,0.56561999994764223
0.29529923105518024,0.48475357816063835
0.20207606730511371,0.45391704801734656
0.23294217041985474,0.51839659754203182
0.1038091560039747,0.48951986402411668
0.193113601528481,0.40671924358507494
0.24096374862141171,0.55634483838047044
0.33903468165873973,0.60486918249509425
0.26675467464564501,0.43123959479381468
0.23089853347336328,0.46506732194159511
0.12660509929146568,0.49038041442543751
0.31165324300216035,0.36168775877785297
0.22497555841832495,0.4920295135045768
0.39253587052830591,0.48282423352613502
0.26967262877376219,0.56694281220097698
0.20398520620775273,0.48384713195272833
0.22866979953402172,0.50220242157331829
0.19766496592530292,0.56900149218610929
0.13554405316271173,0.42574438149529059
0.26036252290841549,0.61188386507794745
0.29760269746406598,0.36011170509231116
0.30012849353520576,0.44479362803044392
0.31199843552816409,0.56499901783051754
0.17044141234240445,0.51669841122401017
0.2231393421736646,0.65595837321663908
0.38452007470059724,0.57742159237333268
0.32413035666031392,0.44319985630879721
0.15442074456309512,0.54501382478850879
0.30377308136444203,0.57179859480095507
0.18597574428765634,0.37747847959032282
0.25946539724003537,0.53057354543473823
0.28383322964408786,0.47588052117050866
0.27084398676365312,0.59954340990235289
0.32750686678104063,0.51634298963794756
0.29477927262980308,0.64011629553444949
0.17200729181406893,0.61361073514237829
0.13404381484605671,0.52294534979319596
0.35814643321398187,0.42762512763728444
0.20676848543487403,0.37408978881941568
0.1747424134153806,0.61971340418038434
0.40322552869621942,0.51630962421165827
0.28323253595700076,0.55223809915026212
0.37657367409499087,0.49716502832874837
0.78682105031706195,0.5466297596897095
0.65634438386668015,0.53496584658037638
0.775515304499655,0.39002872070262978
0.8174899808125603,0.44744384460953518
0.75721655331714222,0.37567798378886735
0.87113290868432991,0.52740280827642105
0.70027870996354058,0.56055679456012164
0.81558567601345777,0.60787143639709984
0.84563031386964016,0.49928044556771861
0.83472438012827732,0.60784170407321636
0.7530795852719443,0.58616969140015107
0.66078673596605553,0.6117591396652784
0.84563450136130747,0.53848207972603046
0.83167628879205147,0.41344404208563951
0.66402045295005863,0.40077710282248047
0.81187968075937611,0.59716669142229095
0.66879504614072427,0.50088346133287531
0.88938881699756145,0.57511941367118735
0.71198672418558728,0.46815648765959705
0.76048460745187707,0.5905986706037335
0.86508644535161439,0.52850236704626963
0.77030569466132448,0.51795580280168751
0.69078387890999704,0.47857044081158073
0.65674683166703784,0.39153334286051072
0.68584890470572801,0.62629443832417531
0.67075664801062562,0.39986593520764446
0.65910313734509396,0.62175315871841463
0.84478166957812573,0.60177344563987023
0.71516026500306851,0.58021892058134394
0.64834378161353801,0.57857859972287362
0.82959939274845551,0.4513168899753438
0.85354659179288084,0.59205498797423972
0.83505757359668009,0.55114614472532275
0.69198448265959223,0.47639428603214823
0.89584594794686123,0.46584961730727381
0.86100399713603004,0.42683927234645352
0.70753493386930344,0.36862080118654261
0.85931656229178333,0.54874008432487664
0.79912765816560782,0.3672228234267424
0.70647316727559306,0.40216864623099535
0.82440133601415255,0.59459779617035591
0.71094650504076862,0.50874398997696857
0.86352614469526634,0.53635345310384164
0.79624042390636296,0.36319475392056166
0.72368498829388272,0.36820665583530959
0.79825624960696773,0.3649739633467024
0.75736987326059113,0.38754635429955753
0.73374455610462685,0.64932494777581695
0.76301157574050948,0.44897805615301273
0.75078021748181356,0.64972416245584552
0.75,0.5
