"state","split","coverage","q","kappa_diag"
4,1,0.75,1.36401111334292,1.01606298365993
4,2,0.75,1.33393522934572,0.984432266431596
4,3,0.75,1.341420489633,0.981082253396437
4,4,0.75,1.30160431355831,1.04559460139534
4,5,0.875,1.33868088260275,1.17506131666898
4,6,0.5,1.3769906046456,0.762972512278768
4,7,0.75,1.35015430448546,0.871681577166309
4,8,0.75,1.33131862831559,1.0339168179094
4,9,0.875,1.35952186450898,1.01859511966982
4,10,1,1.35736235841727,1.20056900914348
4,11,0.75,1.39328111493727,0.981935958237391
4,12,0.75,1.37705078329318,0.932305113622254
4,13,0.75,1.39256494188108,0.930060385771406
4,14,0.75,1.33762460528217,1.01004172596417
4,15,1,1.35336732046118,1.14602791805554
4,16,0.625,1.36069570121861,0.869266394509791
4,17,0.625,1.33139362897899,0.996373042472853
4,18,0.75,1.35754658339518,0.997201606351715
4,19,0.875,1.37864823543926,1.09956825804787
4,20,0.875,1.35613287063861,1.08817059773486
6,1,0.6875,1.7657133842701,1.71559866601645
6,2,0.666666666666667,1.69614809921103,1.87868936515446
6,3,0.604166666666667,1.76739129098297,1.58072535512187
6,4,0.604166666666667,1.68875806060508,1.70669150944089
6,5,0.666666666666667,1.67016568974384,1.87099663465677
6,6,0.604166666666667,1.75988124585995,1.65301992695975
6,7,0.666666666666667,1.71515598555084,1.84496200559712
6,8,0.583333333333333,1.76781279347121,1.55820712600584
6,9,0.645833333333333,1.67544379270883,1.74383011613762
6,10,0.625,1.73126105487801,1.71450399048933
6,11,0.6875,1.73156338479106,1.83277010424078
6,12,0.6875,1.76254710294284,1.75763901455528
6,13,0.75,1.73651734723509,2.06792641812459
6,14,0.6875,1.74863297455367,1.78202001787618
6,15,0.75,1.72179110350364,1.92521267714036
6,16,0.708333333333333,1.79039457969006,1.96101973814863
6,17,0.6875,1.77264581805106,1.85673509042956
6,18,0.645833333333333,1.69623788822848,1.9983458501049
6,19,0.6875,1.71789988213002,1.95479250337321
6,20,0.729166666666667,1.73850456720137,1.9083007501494
12,1,1,1.60671060889288,0.442051847157154
12,2,1,1.62993061042471,0.452445185045413
12,3,1,1.64515759939169,0.624394004093824
12,4,1,1.66608649137822,0.561811680602485
12,5,1,1.61837691452755,0.64873254154168
12,6,1,1.62032575135339,0.507726223031906
12,7,1,1.66198164446115,0.529395194884561
12,8,1,1.63538503022328,0.387245631739378
12,9,1,1.61369059282851,0.63836811577845
12,10,1,1.62114244870215,0.466189175233767
12,11,1,1.62938803155708,0.582921647909295
12,12,1,1.64133189279491,0.556042763459914
12,13,1,1.61695543060073,0.491402235392931
12,14,1,1.63670800900493,0.576821200723537
12,15,1,1.59287211303777,0.571112448626811
12,16,1,1.62952666307926,0.557440044940668
12,17,1,1.64581652239652,0.62834504670461
12,18,1,1.6152015044147,0.686113183402343
12,19,1,1.63315859020996,0.520977438235488
12,20,1,1.64887083365171,0.578942967236362
17,1,0.888888888888889,1.39695354112885,0.359932829040357
17,2,0.888888888888889,1.42344893037289,0.431699846861163
17,3,1,1.40335625918829,0.710826191117753
17,4,0.888888888888889,1.40885616469406,0.399147639117973
17,5,1,1.3846257734588,0.714181519742074
17,6,1,1.45245638457995,0.771301640959794
17,7,0.888888888888889,1.43772042517458,0.470438066070208
17,8,0.888888888888889,1.45092597672741,0.406715307656427
17,9,1,1.41591624030214,0.700961067767619
17,10,1,1.43289561300706,0.69516381163783
17,11,0.888888888888889,1.41371862136605,0.474794089240672
17,12,0.888888888888889,1.40055839481383,0.471547044538827
17,13,0.888888888888889,1.42347539176738,0.462990493064052
17,14,0.888888888888889,1.40194637479009,0.477525903382943
17,15,1,1.41560096460563,0.701531681526122
17,16,1,1.43224981468345,0.703993508579826
17,17,0.888888888888889,1.42426528590241,0.429733706747273
17,18,0.888888888888889,1.39936252762438,0.324031976703282
17,19,1,1.42292927814413,0.68255419360348
17,20,0.888888888888889,1.39020025017374,0.396441911351386
18,1,0.7,1.21074314641883,0.707913855143371
18,2,0.8,1.19462091374009,0.565254282198837
18,3,0.8,1.23925060852515,0.796468095654199
18,4,0.9,1.20437642752263,0.944428492965967
18,5,0.8,1.26371039265156,0.882690480848745
18,6,0.9,1.21841982053602,1.01974368682743
18,7,0.6,1.17860327305567,0.575876789421
18,8,0.9,1.19338720805828,0.962473139795273
18,9,0.8,1.18209529720703,0.768614544748515
18,10,0.7,1.18688844454695,0.747331812781138
18,11,0.7,1.20203212104852,0.669651534449731
18,12,0.8,1.22479415993116,0.735091899163721
18,13,0.8,1.25824503440165,0.765404873264817
18,14,0.9,1.20528922786339,0.96018491706915
18,15,0.8,1.16512756644,0.765910379961464
18,16,1,1.21229528819398,1.04650062805015
18,17,0.8,1.16646052812966,0.791445300623031
18,18,0.7,1.21828819539074,0.573136891480188
18,19,0.9,1.24491591381956,0.814184967712545
18,20,0.9,1.24858394555876,0.997407860127823
21,1,1,1.45667582013422,0.510105096401674
21,2,1,1.38970102455222,0.434730240662446
21,3,1,1.38994600908542,0.602579666763407
21,4,1,1.40392385516592,0.630116227839629
21,5,1,1.42453719036765,0.57937327293797
21,6,1,1.38752070074761,0.449249781658287
21,7,1,1.43673226888877,0.530295890290429
21,8,1,1.40389867570787,0.487657070832329
21,9,1,1.39771776710328,0.438152813458013
21,10,1,1.40381942819682,0.498886261220716
21,11,1,1.38986687704823,0.521566112483073
21,12,1,1.38980246743027,0.224353948158989
21,13,1,1.40796715934524,0.562271300888218
21,14,1,1.38901566267996,0.304460158517648
21,15,1,1.40598974529208,0.45270393478764
21,16,1,1.40806362924573,0.500467621420622
21,17,1,1.38737247205825,0.546806457167953
21,18,1,1.413169303476,0.408052249403048
21,19,1,1.38050485727228,0.48223071997494
21,20,1,1.39849588302348,0.386350176182413
25,1,1,1.21950971599169,0.932068236480521
25,2,0.888888888888889,1.14456422821089,0.369076864316355
25,3,0.888888888888889,1.17857178359703,0.439544090019831
25,4,1,1.20673599969452,0.772800625736599
25,5,1,1.21256501449096,0.768296175894573
25,6,1,1.19002776377878,0.906720761191202
25,7,0.888888888888889,1.20641442268642,0.43644046774245
25,8,1,1.20144546829788,0.802860715479426
25,9,0.888888888888889,1.17250810370439,0.524372659402937
25,10,0.888888888888889,1.2028899580012,0.630439394365566
25,11,0.888888888888889,1.15615144848779,0.55615054547296
25,12,0.888888888888889,1.17008683146872,0.610618926636176
25,13,0.888888888888889,1.21483893510899,0.385718858047836
25,14,1,1.19511564301933,0.869504238823867
25,15,0.888888888888889,1.17925024209208,0.478699023933627
25,16,1,1.17653637033287,0.811126891443138
25,17,1,1.21339879764526,0.831796023245628
25,18,1,1.20195054402344,0.837026236776924
25,19,0.888888888888889,1.19441119928085,0.450318848487476
25,20,0.888888888888889,1.2289069523299,0.492679609451319
26,1,1,1.2180779040239,1.19599136105341
26,2,0.818181818181818,1.22918300781092,0.977479729657348
26,3,0.818181818181818,1.19814543455076,0.863890966732454
26,4,0.818181818181818,1.17839415662839,0.971736653232513
26,5,1,1.18973985023504,1.19499535044228
26,6,0.909090909090909,1.21075997552926,1.20666412852446
26,7,0.727272727272727,1.19627078360819,0.927286410812695
26,8,0.727272727272727,1.16757748304838,0.951391555626244
26,9,0.727272727272727,1.23006073328671,0.750558970679578
26,10,0.727272727272727,1.20472059048754,1.00489168298026
26,11,0.727272727272727,1.19480455662368,0.742409847218086
26,12,0.727272727272727,1.18337370805966,0.807576303060416
26,13,0.727272727272727,1.22253122793222,0.898003110696538
26,14,0.727272727272727,1.19830948025544,0.95027549633725
26,15,0.727272727272727,1.18797275387536,0.983284317407885
26,16,0.818181818181818,1.20649776348382,1.00254883055938
26,17,0.818181818181818,1.20813559257259,0.832417404894214
26,18,0.727272727272727,1.1675946466161,0.954648490252323
26,19,0.636363636363636,1.21573984766736,0.722770364953452
26,20,0.727272727272727,1.21199167329109,0.830241017039874
27,1,0.818181818181818,1.24002029020636,1.20438898852829
27,2,0.818181818181818,1.27321047510326,1.31920822354447
27,3,0.636363636363636,1.25066395795049,0.963093622695943
27,4,0.727272727272727,1.28450963993012,1.02364621314694
27,5,0.818181818181818,1.26448941119702,1.23468399744929
27,6,0.727272727272727,1.30285908448287,0.963206146338867
27,7,0.818181818181818,1.27000012328126,1.16045307919174
27,8,0.818181818181818,1.27244811802911,1.09287807461377
27,9,0.818181818181818,1.26749041691447,1.10766167689886
27,10,0.636363636363636,1.21191096683316,0.699823698213136
27,11,0.727272727272727,1.27415035474192,1.07593950010721
27,12,0.727272727272727,1.2312738475706,0.987993474470273
27,13,0.727272727272727,1.28067416416298,0.8919865835322
27,14,0.727272727272727,1.28580782216126,0.972741653101431
27,15,0.909090909090909,1.25333055442578,1.41798744606173
27,16,0.818181818181818,1.26797142945829,1.17656889649634
27,17,0.909090909090909,1.25177453144465,1.34683130433994
27,18,0.727272727272727,1.3140319881794,1.01059234547754
27,19,0.909090909090909,1.26275850277591,1.38707916226926
27,20,0.818181818181818,1.24282038652625,1.22866060455092
32,1,0.8,1.54199660636616,0.945701695697532
32,2,1,1.51753676964325,1.13098417008109
32,3,0.8,1.48256551030083,0.822247678381973
32,4,1,1.47759886600141,1.03866071667515
32,5,0.9,1.50159421442201,1.04933628643605
32,6,1,1.51512698178111,1.19795345994201
32,7,0.9,1.47627883504017,1.07109585900286
32,8,0.9,1.47747845030416,0.975127688918917
32,9,0.9,1.46031925500297,1.13545086321064
32,10,0.9,1.46400461410597,1.02539439844236
32,11,0.8,1.48778279588986,0.957648777610609
32,12,1,1.54001393101716,1.06778825003685
32,13,0.8,1.47570522755901,1.0213843107424
32,14,0.8,1.50246525086304,0.941500716999994
32,15,1,1.47500495925974,1.21320047337174
32,16,0.9,1.43504235467499,0.97830739621031
32,17,0.9,1.46521822684563,1.01905589684012
32,18,0.8,1.46603275407876,0.988843368470996
32,19,1,1.46652523367866,1.15107594785815
32,20,0.9,1.48274782064801,1.08207577970266
37,1,1,1.2814479861765,0.61823411385517
37,2,1,1.33241471024551,0.385383520184766
37,3,1,1.26143488813143,0.568683427134656
37,4,1,1.29922783953623,0.416740758395085
37,5,1,1.28829783436743,0.574326584957256
37,6,1,1.32186653402383,0.578607912044519
37,7,1,1.27898972574197,0.519786399013484
37,8,1,1.27119482064766,0.495005113688018
37,9,1,1.29644022098454,0.42929583243199
37,10,1,1.32067254602589,0.642328445981797
37,11,1,1.31827543346106,0.471535541378985
37,12,1,1.3388028776484,0.632417695697398
37,13,1,1.27637394248457,0.46719023588473
37,14,1,1.26491362616901,0.425811557635218
37,15,1,1.34844890908888,0.473896887122647
37,16,1,1.29808209059676,0.391494480218929
37,17,1,1.28897465120642,0.557211697706322
37,18,1,1.27029794754822,0.531216541685683
37,19,1,1.32490324210117,0.583336200637462
37,20,1,1.28997018949092,0.420310241008438
39,1,1,1.37444442951035,0.592105031289717
39,2,1,1.31078626738461,0.499591298337437
39,3,0.909090909090909,1.2190947924148,0.568291286553029
39,4,1,1.32825196277585,0.691136257873007
39,5,1,1.32565028226753,0.423486546191131
39,6,1,1.36123674312885,0.651127783377109
39,7,1,1.33676599625728,0.551408730056029
39,8,1,1.27761573126887,0.682673539775839
39,9,1,1.30421114187521,0.638862200966749
39,10,1,1.34832980640214,0.635199289389595
39,11,1,1.29563882302709,0.547768955476876
39,12,1,1.30609019893589,0.564449628440355
39,13,1,1.32811513789,0.572583882520695
39,14,1,1.32709734148404,0.530882224183229
39,15,1,1.28225950188514,0.595641855683017
39,16,1,1.33023461785297,0.492360741363979
39,17,1,1.3560613624202,0.533344703173792
39,18,1,1.3042363672296,0.528111727814917
39,19,1,1.2635748485406,0.66297568455785
39,20,1,1.32554586839074,0.493432766641356
42,1,1,1.58719284222763,0.700868782502472
42,2,1,1.66552547012131,0.692317079320439
42,3,1,1.59656691156855,0.636436856891026
42,4,0.954545454545455,1.5928253083228,0.56397757461135
42,5,1,1.59684851757131,0.64068620139947
42,6,1,1.59274997730558,0.730813195762863
42,7,1,1.64783463913312,0.684449147701224
42,8,1,1.68863482597139,0.660303958761797
42,9,1,1.6401807173163,0.713895383107984
42,10,1,1.58638183946773,0.653221933800087
42,11,0.954545454545455,1.58389238968645,0.584635500618745
42,12,1,1.63468733647835,0.619484606824697
42,13,1,1.64702434414875,0.672345173244034
42,14,1,1.66697031748426,0.670613787217227
42,15,1,1.59059537243554,0.644196081352921
42,16,1,1.57361122140327,0.728634764933643
42,17,1,1.65641085087971,0.563897904785174
42,18,1,1.61040810867177,0.766005885198756
42,19,1,1.68475953395775,0.598364730983934
42,20,1,1.64620556615075,0.778209545166689
47,1,1,1.24395381617609,0.760178799220158
47,2,1,1.25751059355871,0.562483483434952
47,3,1,1.27071076807915,0.567351866716868
47,4,1,1.23881539067714,0.521273963483179
47,5,1,1.27793078356463,0.596122608453127
47,6,1,1.22816215639556,0.642907340112562
47,7,1,1.27103959048152,0.470907392920999
47,8,1,1.24437380370681,0.751857460568621
47,9,1,1.29427512636774,0.676239948466239
47,10,1,1.22881716464306,0.596288870358848
47,11,1,1.25388841390778,0.521307275576019
47,12,1,1.25931196691935,0.66745277769534
47,13,1,1.29299611680664,0.569056469863787
47,14,1,1.22745940335399,0.582411158282606
47,15,1,1.23523148759046,0.634031457255981
47,16,1,1.24601521716956,0.635444600953471
47,17,1,1.26654066292964,0.524621619959368
47,18,1,1.23364795329771,0.6006274369218
47,19,1,1.2271098374555,0.481475278000158
47,20,1,1.23439888071404,0.780449018614706
48,1,0.904761904761905,1.29194542716021,0.793839864233625
48,2,0.857142857142857,1.33461895323158,0.672337276598856
48,3,0.904761904761905,1.34445786102274,0.779678469074182
48,4,0.952380952380952,1.26419756713531,0.797601682218932
48,5,0.857142857142857,1.27603614144765,0.795088084514195
48,6,0.952380952380952,1.3405158606097,0.912375175980013
48,7,0.952380952380952,1.33190842570197,0.840398264133486
48,8,0.952380952380952,1.30358161739935,0.918039645798463
48,9,0.857142857142857,1.28003491959278,0.723360256492407
48,10,0.904761904761905,1.28050081368649,0.819850485936682
48,11,0.904761904761905,1.30200953812136,0.697732068222586
48,12,0.80952380952381,1.27488372556172,0.681577982944293
48,13,0.952380952380952,1.32455860914764,0.809827320370803
48,14,0.904761904761905,1.3105291814243,0.667240623563292
48,15,0.904761904761905,1.37630686700588,0.662200375384714
48,16,0.857142857142857,1.30077778260803,0.730027017063205
48,17,0.904761904761905,1.2669891284937,0.863282590207085
48,18,0.904761904761905,1.32479022151806,0.836381761881615
48,19,0.952380952380952,1.30201832540241,0.878818696194555
48,20,0.857142857142857,1.29557768426931,0.742982307208083
49,1,0.888888888888889,1.3689652504935,0.596085449178201
49,2,0.888888888888889,1.31010981969517,0.526546731052722
49,3,1,1.3735635495755,0.818343427100268
49,4,1,1.38642846723746,0.817760354060108
49,5,1,1.35987434264662,0.664908007582619
49,6,0.888888888888889,1.33979333033413,0.410701608689694
49,7,0.888888888888889,1.34453849257346,0.423172316851333
49,8,0.888888888888889,1.34516129610197,0.565089431216902
49,9,0.888888888888889,1.30345771775965,0.555734738097204
49,10,0.888888888888889,1.34592057513205,0.290180425657919
49,11,0.888888888888889,1.35369112637131,0.458527952935353
49,12,1,1.36006706665001,0.74212236157317
49,13,0.888888888888889,1.37128672435419,0.330610247797058
49,14,1,1.35738130827404,0.719874972983205
49,15,0.888888888888889,1.33452798113553,0.372264731624816
49,16,0.888888888888889,1.33778276009324,0.474590301053526
49,17,0.888888888888889,1.33015973155743,0.521960895759764
49,18,1,1.32824159487722,0.805385191163381
49,19,0.888888888888889,1.36001473325042,0.348765171863068
49,20,0.888888888888889,1.38701615373389,0.5170628300921
53,1,0.7,1.25545852760048,0.791345765804207
53,2,0.7,1.26373014208656,0.809766601840293
53,3,0.9,1.27194286950683,0.977801687244736
53,4,0.8,1.25857961033962,0.775013581934597
53,5,0.6,1.25652074725935,0.612408021048359
53,6,0.8,1.29508350146088,0.804875565497885
53,7,0.9,1.28647517794338,0.856144295638995
53,8,0.8,1.26913813378437,0.895654327999365
53,9,0.9,1.28154450130741,0.881832046715549
53,10,0.8,1.24997587377794,0.93809885971122
53,11,0.8,1.2328633260717,0.79754944460416
53,12,0.9,1.21924719251822,0.93983474595168
53,13,0.9,1.30564071946451,1.01214121726041
53,14,0.9,1.29556063334725,0.939128497362566
53,15,0.8,1.27811033587393,0.802640584619438
53,16,0.6,1.27897519855344,0.621842774939967
53,17,0.8,1.29587580108315,0.739284929565089
53,18,0.8,1.30386852796337,0.626978749033298
53,19,1,1.25749811446339,0.968018289913062
53,20,0.8,1.26085553447506,0.851512003319125
55,1,1,1.46622673501993,0.37833494343359
55,2,1,1.43928102773656,0.351982624932116
55,3,1,1.49387646851273,0.440487425920383
55,4,1,1.4396115613939,0.547001079756231
55,5,1,1.46870298069779,0.420800488543266
55,6,1,1.47585793792977,0.290394410595207
55,7,1,1.47485194534898,0.468416197123727
55,8,1,1.40620851944486,0.468453634358416
55,9,1,1.42500376841924,0.436098577319287
55,10,1,1.46404787948017,0.454707674913548
55,11,1,1.42406349337374,0.542994639833454
55,12,1,1.44108280905389,0.347541694154674
55,13,1,1.45669679120832,0.276583070555212
55,14,1,1.44332944106762,0.450268062461699
55,15,1,1.46125316995075,0.506297194968218
55,16,1,1.37541868824266,0.415182151676312
55,17,1,1.42187473842656,0.522711112227909
55,18,1,1.44659173949478,0.574104048458077
55,19,1,1.40116034396909,0.527174913597627
55,20,1,1.41517741352704,0.47673535793512
56,1,0.75,1.36791099044593,1.41566218238175
56,2,0.5,1.36610847772726,1.13354503391598
56,3,0.5,1.34579681838926,1.19165722320136
56,4,0.625,1.35331558582293,1.23074027445102
56,5,0.625,1.35724990121404,1.27104917961356
56,6,0.625,1.34775059222349,1.2612971999992
56,7,0.5,1.33380275873196,1.18690271238094
56,8,0.375,1.3498540573376,1.01513766045556
56,9,0.5,1.34506423042239,1.20383879410939
56,10,0.625,1.37280357163627,1.21856678840268
56,11,0.625,1.33278171796676,1.23475614344294
56,12,0.625,1.35793595328207,1.28185501335661
56,13,0.375,1.35068671594873,1.02108344514779
56,14,0.625,1.34681470790458,1.20906370686752
56,15,0.5,1.3720397431071,1.18039405900762
56,16,0.5,1.36390381387294,1.20100615579771
56,17,0.5,1.35381275796941,1.29209560071994
56,18,0.5,1.35773680425521,1.16771670949343
56,19,0.5,1.35529513430265,1.10268458683105
56,20,0.75,1.33630018095929,1.3868461368923
