"design","method","reps","coverage","width","n","n_unbounded","available_gain"
"boundary","gscp_rf_oob",500,0.8936,2.4753607919661,500,0,26.5
"boundary","lscp_rf_oob",500,0.9104,2.57107564074326,500,0,26.5
"boundary","naive",500,0.89,3.27391139775943,500,0,26.5
"boundary","w_fc",500,0.8992,1.97305974831088,500,0,26.5
"expansion","gscp_rf_oob",500,0.8992,3.05574899058828,500,0,40.4
"expansion","lscp_rf_oob",500,0.9168,3.13956632123013,500,0,40.4
"expansion","naive",500,0.9052,3.22629372274999,500,0,40.4
"expansion","w_fc",500,0.9176,2.15940037825208,500,0,40.4
"halo10","gscp_rf_oob",500,0.8944,2.22818408596831,500,0,20.2
"halo10","lscp_rf_oob",500,0.9068,2.30449606190489,500,0,20.2
"halo10","naive",500,0.9,3.01269220633325,500,0,20.2
"halo10","w_fc",500,0.898,1.91596934268096,500,0,20.2
"halo20","gscp_rf_oob",500,0.8988,2.34571642520495,500,0,27.1
"halo20","lscp_rf_oob",500,0.91,2.40747920232611,500,0,27.1
"halo20","naive",500,0.9,3.0261215618343,500,0,27.1
"halo20","w_fc",500,0.9088,1.90627377676572,500,0,27.1
"halo40","gscp_rf_oob",500,0.9076,2.56666260278166,500,0,34.1
"halo40","lscp_rf_oob",500,0.9164,2.62166947447354,500,0,34.1
"halo40","naive",500,0.9036,3.12084189450702,500,0,34.1
"halo40","w_fc",500,0.9128,1.93063276457984,500,0,34.1
"transect","gscp_rf_oob",500,0.9024,2.24575586788827,500,0,17
"transect","lscp_rf_oob",500,0.9124,2.29819801977731,500,0,17
"transect","naive",500,0.904,2.95080012931217,500,0,17
"transect","w_fc",500,0.9032,1.91807100320536,500,0,17
