"design","method","reps","coverage","width","n","n_unbounded","predicted"
"block_holdout","gscp_rf_oob",500,0.8696,2.74480900082314,500,0,NA
"block_holdout","lscp_rf_oob",500,0.8804,2.88719597678814,500,0,NA
"block_holdout","naive",500,0.8532,3.04607790959657,500,0,NA
"block_holdout","w_fc",500,0.8732,2.6380672686019,500,0,0.886118822257614
"clustered_cal","gscp_rf_oob",500,0.906,2.04060984730747,500,0,NA
"clustered_cal","lscp_rf_oob",500,0.9232,2.18156929222747,500,0,NA
"clustered_cal","naive",500,0.9028,3.20584941435635,500,0,NA
"clustered_cal","w_fc",500,0.904,1.92689159877305,500,0,0.90136978092847
"disjoint","gscp_rf_oob",500,0.9004,3.22094016394179,500,0,NA
"disjoint","lscp_rf_oob",500,0.9096,3.23601054904808,500,0,NA
"disjoint","naive",500,0.8972,3.41047287678795,500,0,NA
"disjoint","w_fc",500,0.9136,1.97631184003543,500,0,0.90848136818294
"patch","gscp_rf_oob",500,0.8504,1.9045837857025,500,0,NA
"patch","lscp_rf_oob",500,0.906613226452906,2.14463590007813,499,620,NA
"patch","naive",500,0.914,3.34380870968645,500,0,NA
"patch","w_fc",500,0.9076,1.86440471455642,500,0,0.910628272022957
"quadrant","gscp_rf_oob",500,0.8948,2.73162618524549,500,0,NA
"quadrant","lscp_rf_oob",500,0.902,2.78946334025667,500,0,NA
"quadrant","naive",500,0.8892,3.14712850194262,500,0,NA
"quadrant","w_fc",500,0.9072,1.93228756607036,500,0,0.904806313238784
"varying_range","gscp_rf_oob",500,0.8756,2.38985245494495,500,0,NA
"varying_range","lscp_rf_oob",500,0.9024,2.59344762753873,500,0,NA
"varying_range","naive",500,0.8664,3.38984061762163,500,0,NA
"varying_range","w_fc",500,0.878,2.29496737183735,500,0,0.861339528209057
