"design","method","reps","coverage","width","n","n_unbounded","cvr"
"exp0.5","gscp_rf_oob",500,0.9024,1.74770037686706,500,0,1.91050182339258
"exp0.5","lscp_rf_oob",500,0.9092,1.79775397471971,500,0,1.88774301527262
"exp0.5","naive",500,0.8992,2.19096819998809,500,0,2.33382098380188
"exp0.5","w_fc",500,0.8996,1.6588549793554,500,0,1.11855364592776
"exp1","gscp_rf_oob",500,0.9096,1.84256540388585,500,0,1.99880247869256
"exp1","lscp_rf_oob",500,0.9184,1.89720183210393,500,0,1.78902045647711
"exp1","naive",500,0.9068,2.59421029203126,500,0,2.53554373913099
"exp1","w_fc",500,0.916,1.76254441493303,500,0,1.10144923591194
"exp2","gscp_rf_oob",500,0.918,2.01205996838261,500,0,1.36021793863175
"exp2","lscp_rf_oob",500,0.9216,2.07053744753439,500,0,1.47341898601921
"exp2","naive",500,0.9076,3.01547911981289,500,0,2.25472271188042
"exp2","w_fc",500,0.9068,1.92535853206054,500,0,1.10906065215939
"exp30","gscp_rf_oob",500,0.9,3.37408882262421,500,0,1.04927550835703
"exp30","lscp_rf_oob",500,0.9108,3.46727202365689,500,0,1.07882282544932
"exp30","naive",500,0.9064,3.74428619810024,500,0,1.07291127859402
"exp30","w_fc",500,0.9016,3.23842774650563,500,0,1.0548293308422
"exp6","gscp_rf_oob",500,0.902,2.42310520510414,500,0,1.20595149612624
"exp6","lscp_rf_oob",500,0.9112,2.50324898807715,500,0,1.25578269385721
"exp6","naive",500,0.9104,3.59141231380148,500,0,1.87019999383599
"exp6","w_fc",500,0.9032,2.31840243513424,500,0,1.15664633568418
"exp8","gscp_rf_oob",500,0.9064,2.55327468710537,500,0,1.16637431627631
"exp8","lscp_rf_oob",500,0.91,2.62496430307162,500,0,1.11515481184209
"exp8","naive",500,0.9068,3.64045456641145,500,0,1.54345614852722
"exp8","w_fc",500,0.9028,2.43240357387673,500,0,1.05585450031957
"gauss","gscp_rf_oob",500,0.9064,1.96741720674192,500,0,1.64045335002794
"gauss","lscp_rf_oob",500,0.92,2.03212780372587,500,0,1.81725002211343
"gauss","naive",500,0.906,3.63046987196605,500,0,1.93194114110507
"gauss","w_fc",500,0.9084,1.88783998409503,500,0,1.24075911235072
"mat1.5","gscp_rf_oob",500,0.9132,2.02122534781989,500,0,1.61086445705869
"mat1.5","lscp_rf_oob",500,0.9188,2.08398411958852,500,0,1.55105612730483
"mat1.5","naive",500,0.9088,3.55595375203686,500,0,1.96362497171995
"mat1.5","w_fc",500,0.906,1.94185179520552,500,0,1.30894077194191
"mat2.5","gscp_rf_oob",500,0.904,1.93427842867322,500,0,1.86245687123328
"mat2.5","lscp_rf_oob",500,0.9088,1.99321710271063,500,0,1.67695452182602
"mat2.5","naive",500,0.9128,3.55499954808198,500,0,2.23113523494243
"mat2.5","w_fc",500,0.8948,1.85352851912575,500,0,1.30310416681308
