"design","method","reps","coverage","width","n","n_unbounded","median_h"
"block_holdout","lscp_rf_oob_adapt",500,0.898189134808853,2.90986051442564,497,198,0.442414493696402
"boundary","lscp_rf_oob_adapt",500,0.914,2.59525772633738,500,0,0.376981169546855
"clustered_cal","lscp_rf_oob_adapt",500,0.959036144578313,2.45607982189746,166,1894,0.169701232967404
"disjoint","lscp_rf_oob_adapt",500,0.9276,3.28139675206164,500,0,0.175666547051678
"exp0.5","lscp_rf_oob_adapt",500,0.9076,1.79733607127206,500,1,0.50332312282088
"exp1","lscp_rf_oob_adapt",500,0.9152,1.89750480405081,500,0,0.519344099881027
"exp2","lscp_rf_oob_adapt",500,0.9224,2.08173436004219,500,0,0.496918346456146
"exp30","lscp_rf_oob_adapt",500,0.91,3.47017003776761,500,0,0.496949370415025
"exp6","lscp_rf_oob_adapt",500,0.908,2.50386092287395,500,1,0.476546204711426
"exp8","lscp_rf_oob_adapt",500,0.914,2.63672134186817,500,0,0.477165253888116
"expansion","lscp_rf_oob_adapt",500,0.9212,3.14341868769229,500,1,0.277086305048862
"gauss","lscp_rf_oob_adapt",500,0.9172,2.02513175380297,500,0,0.51728494488142
"halo10","lscp_rf_oob_adapt",500,0.9072,2.30409738679847,500,0,0.50027950963838
"halo20","lscp_rf_oob_adapt",500,0.9132,2.39662281781367,500,0,0.443846372116187
"halo40","lscp_rf_oob_adapt",500,0.9248,2.64073922072361,500,0,0.336475287161429
"mat1.5","lscp_rf_oob_adapt",500,0.922,2.08620624756342,500,1,0.487652761695039
"mat2.5","lscp_rf_oob_adapt",500,0.9044,1.98390961280858,500,1,0.50962207962956
"patch","lscp_rf_oob_adapt",500,NA,NA,NA,2500,0.0447174122123629
"quadrant","lscp_rf_oob_adapt",500,0.9024,2.78992385749279,500,0,0.383876290359909
"transect","lscp_rf_oob_adapt",500,0.9172,2.32062492941544,500,0,0.364782885133789
"varying_range","lscp_rf_oob_adapt",500,0.906,2.64416787600388,500,0,0.356356034515765
