"design","method","reps","coverage","width","n","n_unbounded"
"exp2_t10","gscp_rf_oob",500,0.9032,2.12983730261087,500,0
"exp2_t10","lscp_rf_oob",500,0.9092,2.19163325325567,500,0
"exp2_t10","naive",500,0.8992,3.26558086617905,500,0
"exp2_t10","w_fc",500,0.9028,2.04493330408459,500,0
"exp2_t5","gscp_rf_oob",500,0.9056,2.25563926211431,500,0
"exp2_t5","lscp_rf_oob",500,0.9152,2.34400519266158,500,0
"exp2_t5","naive",500,0.906,3.44945627911319,500,0
"exp2_t5","w_fc",500,0.912,2.17946798027396,500,0
"gauss_t10","gscp_rf_oob",500,0.9008,2.09891942101437,500,0
"gauss_t10","lscp_rf_oob",500,0.9088,2.17598308899442,500,0
"gauss_t10","naive",500,0.906,3.94924414775194,500,0
"gauss_t10","w_fc",500,0.9044,2.018448331764,500,0
"gauss_t5","gscp_rf_oob",500,0.9092,2.20107296087154,500,0
"gauss_t5","lscp_rf_oob",500,0.9144,2.26207969836766,500,0
"gauss_t5","naive",500,0.9024,4.16650370345307,500,0
"gauss_t5","w_fc",500,0.9056,2.12143845727978,500,0
