"design","method","coverage","width","cvr"
"nearby","Naive",0.9115,3.32179172348649,2.16826797455459
"nearby","GSCP",0.9101,3.30350795236106,2.15779062158203
"nearby","LSCP, h=0.05",1,Inf,NA
"nearby","LSCP, h=0.2",0.9259,3.43690636224845,2.1296519513469
"nearby","LSCP, h=0.4",0.9256,3.43487148105813,2.13077603068817
"nearby","LSCP, h=1",0.9256,3.434393150457,2.13143610608383
"nearby","LSCP, h=2",0.9256,3.43434514574477,2.13146414873188
"nearby","Proposed (Whitened)",0.90355,1.87116111602216,0.999713286923168
"mixed","Naive",0.9085,3.41016297279108,1.89197155821706
"mixed","GSCP",0.9045,2.10390641598627,1.09811276368931
"mixed","LSCP, h=0.05",1,Inf,NA
"mixed","LSCP, h=0.2",0.9264,2.3184230790302,1.49818869538475
"mixed","LSCP, h=0.4",0.92085,2.22120684598351,1.17420798106432
"mixed","LSCP, h=1",0.9187,2.20137695496879,1.11826528833387
"mixed","LSCP, h=2",0.9187,2.20128025219712,1.11837346121423
"mixed","Proposed (Whitened)",0.90195,1.87115866003316,1.00554543255999
"distant","Naive",0.8575,3.30097589374907,2.15545484082814
"distant","GSCP",0.855,1.74468257687749,2.14202199891633
"distant","LSCP, h=0.05",1,Inf,NA
"distant","LSCP, h=0.2",1,Inf,NA
"distant","LSCP, h=0.4",0.88565,1.89607522485759,2.06712157394533
"distant","LSCP, h=1",0.8725,1.82593890994436,2.08716494964445
"distant","LSCP, h=2",0.87215,1.82483437290593,2.08847277366936
"distant","Proposed (Whitened)",0.90025,1.86972846470901,1.00361163647029
